{
  "dc": {
    "correct": 10,
    "total": 20,
    "time": [
      0.004100322723388672,
      0.0026357173919677734,
      0.0016264915466308594,
      0.0022797584533691406,
      0.0017752647399902344,
      0.0030307769775390625,
      0.0018198490142822266,
      0.001874685287475586,
      0.0023403167724609375,
      0.0018157958984375,
      0.002004861831665039,
      0.0017344951629638672,
      0.0016736984252929688,
      0.0015769004821777344,
      0.002077341079711914,
      0.0020694732666015625,
      0.0017130374908447266,
      0.0025794506072998047,
      0.0023233890533447266,
      0.0024008750915527344
    ],
    "real_correct": 9,
    "spoof_correct": 1,
    "accuracy": 0.5,
    "avg_time": 0.0021726250648498534,
    "std_time": 0.0005830262227053218
  },
  "cnn": {
    "correct": 18,
    "total": 20,
    "time": [
      0.05054879188537598,
      0.002704143524169922,
      0.0030755996704101562,
      0.0040950775146484375,
      0.0032041072845458984,
      0.003032684326171875,
      0.003152608871459961,
      0.0028471946716308594,
      0.0024924278259277344,
      0.0026862621307373047,
      0.002763032913208008,
      0.003591299057006836,
      0.0034437179565429688,
      0.0034151077270507812,
      0.0022003650665283203,
      0.002354860305786133,
      0.002627849578857422,
      0.0023932456970214844,
      0.003760099411010742,
      0.003630399703979492
    ],
    "real_correct": 9,
    "spoof_correct": 9,
    "accuracy": 0.9,
    "avg_time": 0.005400943756103516,
    "std_time": 0.010369781268987
  }
}