{
  "train_loss": [
    1.1974715650081635,
    0.3061812698841095,
    0.20920505821704866,
    0.1902627264459928,
    0.15322109137972195
  ],
  "train_acc": [
    0.7084639498432602,
    0.8798328108672936,
    0.9153605015673981,
    0.9216300940438872,
    0.9310344827586207
  ],
  "val_loss": [
    0.4748898334801197,
    0.2667104173451662,
    0.2421353943645954,
    0.18410360626876354,
    0.2145044282078743
  ],
  "val_acc": [
    0.7656903765690377,
    0.895397489539749,
    0.899581589958159,
    0.9372384937238494,
    0.9079497907949791
  ]
}